Nama Barang,Harga Jual,Harga Modal,Stok,Satuan,Kategori
Beras Pandan Wangi 5kg,79000,68000,30,kg,Sembako Utama
Beras IR64 Premium 5kg,72000,62000,40,kg,Sembako Utama
Minyak Goreng Sania 2L,34000,29000,50,liter,Sembako Utama
Minyak Goreng Bimoli 1L,18000,15500,40,liter,Sembako Utama
Minyak Tanah 1L,4000,3000,1200,liter,Sembako Utama
Gula Pasir Gulaku 1kg,17000,14500,50,kg,Sembako Utama
Telur Ayam Ras 1kg,28000,24000,60,kg,Sembako Utama
Tepung Terigu Segitiga Biru 1kg,12500,10500,35,kg,Sembako Utama
Kecap Manis Bango 520ml,24000,20500,25,pcs,Bumbu Dapur
Garam Cap Kapal 250g,3000,2200,100,pcs,Bumbu Dapur
Masako Rasa Sapi 100g,5000,4000,80,pcs,Bumbu Dapur
Royco Rasa Ayam 100g,5000,4000,80,pcs,Bumbu Dapur
Indomie Goreng Original 85g,3100,2700,200,pcs,Snack & Mi
Indomie Kuah Soto Mie 75g,3000,2600,200,pcs,Snack & Mi
Mie Sedaap Goreng 90g,3100,2700,150,pcs,Snack & Mi
Sabun Cuci Piring Sunlight 650ml,15000,12500,40,pcs,Sabun
Sabun Mandi Lifebuoy 110g,4500,3600,60,pcs,Sabun
Deterjen Rinso Anti Noda 770g,22000,18500,30,pcs,Sabun
Rokok Sampoerna Mild 16,33000,29500,50,pcs,Rokok & Korek
Rokok Gudang Garam Filter 12,24000,21000,50,pcs,Rokok & Korek
Korek Api Kayu Cap Tokek,1000,600,100,pcs,Rokok & Korek
